{
  "version": 1,
  "width": 100,
  "height": 45,
  "duration": 25.40302,
  "command": null,
  "title": null,
  "env": {
    "TERM": "xterm-256color",
    "SHELL": "/bin/bash"
  },
  "stdout": [
    [
      0.000875,
      "\u001b[?1034hbash-3.2$ "
    ],
    [
      1.0,
      "g"
    ],
    [
      0.096613,
      "e"
    ],
    [
      0.199543,
      "m"
    ],
    [
      0.120305,
      " "
    ],
    [
      0.360287,
      "i"
    ],
    [
      0.167696,
      "n"
    ],
    [
      0.119548,
      "s"
    ],
    [
      0.143402,
      "t"
    ],
    [
      0.096943,
      "a"
    ],
    [
      0.159451,
      "l"
    ],
    [
      0.152755,
      "l"
    ],
    [
      0.472194,
      " "
    ],
    [
      0.415625,
      "s"
    ],
    [
      0.128058,
      "m"
    ],
    [
      0.136152,
      "a"
    ],
    [
      0.263332,
      "r"
    ],
    [
      0.224605,
      "t"
    ],
    [
      0.44166,
      "y"
    ],
    [
      0.254094,
      "s"
    ],
    [
      0.127964,
      "t"
    ],
    [
      0.112037,
      "r"
    ],
    [
      0.256337,
      "e"
    ],
    [
      0.135907,
      "e"
    ],
    [
      0.271188,
      "t"
    ],
    [
      0.096752,
      "s"
    ],
    [
      0.543902,
      "_"
    ],
    [
      0.303509,
      "r"
    ],
    [
      0.208053,
      "u"
    ],
    [
      0.248442,
      "b"
    ],
    [
      0.263945,
      "y"
    ],
    [
      0.472192,
      "_"
    ],
    [
      0.583879,
      "s"
    ],
    [
      0.136072,
      "d"
    ],
    [
      0.335389,
      "k"
    ],
    [
      0.711499,
      "\r\n"
    ],
    [
      0.622611,
      "Successfully installed smartystreets_ruby_sdk-3.0.0\r\n"
    ],
    [
      0.112475,
      "Parsing documentation for smartystreets_ruby_sdk-3.0.0\r\n"
    ],
    [
      0.233239,
      "Installing ri documentation for smartystreets_ruby_sdk-3.0.0\r\n"
    ],
    [
      0.076259,
      "Done installing documentation for smartystreets_ruby_sdk after 0 seconds\r\n1 gem installed\r\n"
    ],
    [
      0.011916,
      "bash-3.2$ "
    ],
    [
      1.0,
      "\r\n"
    ],
    [
      4e-05,
      "bash-3.2$ "
    ],
    [
      0.144236,
      "\r\n"
    ],
    [
      3.9e-05,
      "bash-3.2$ "
    ],
    [
      0.305081,
      "c"
    ],
    [
      0.103617,
      "a"
    ],
    [
      0.287387,
      "t"
    ],
    [
      0.960198,
      " "
    ],
    [
      1.0,
      "e"
    ],
    [
      0.503401,
      "x"
    ],
    [
      0.144016,
      "a"
    ],
    [
      0.320538,
      "m"
    ],
    [
      0.136119,
      "p"
    ],
    [
      0.327256,
      "l"
    ],
    [
      0.400419,
      "e"
    ],
    [
      0.592251,
      "."
    ],
    [
      0.535542,
      "r"
    ],
    [
      0.320377,
      "b"
    ],
    [
      0.230569,
      "\r\n"
    ],
    [
      0.00306,
      "require 'smartystreets_ruby_sdk/client_builder'\r\nrequire 'smartystreets_ruby_sdk/static_credentials'\r\nrequire 'smartystreets_ruby_sdk/us_street'\r\n\r\n\r\nclass Example\r\n  def run\r\n    # This keypair will have been deleted by the time you are watching this video... \r\n    auth_id = 'c4df4ec8-2be0-8ccc-8762-d899ce38d1db'\r\n    auth_token = 'KXb5V3XlB537Fx3XIgaa'\r\n    credentials = StaticCredentials.new(auth_id, auth_token)\r\n\r\n    puts 'Step 0. Wire up the client with your keypair.'\r\n    client = ClientBuilder.new(credentials).build_us_street_api_client\r\n\r\n    puts 'Step 1. Make a lookup. (BTW, you can also send entire batches of lookups...)'\r\n    lookup = USStreet::Lookup.new\r\n    lookup.street = '1 Rosedale'\r\n    lookup.lastline = 'Baltimore MD'\r\n    lookup.candidates = 10\r\n\r\n    puts 'Step 2. Send the lookup.'\r\n    client.send_lookup(lookup)\r\n\r\n    puts 'Step 3. Show the resulting candidate addresses:'\r\n    lookup.result.each_with_index do |candidate, c|\r\n      puts \"- #{c}: #{candidate.delivery_line_1}, #{candidat"
    ],
    [
      3e-05,
      "e.last_line}\\n\"\r\n    end\r\n  end\r\nend\r\n\r\nExample.new.run"
    ],
    [
      0.000304,
      "bash-3.2$ "
    ],
    [
      1.0,
      "\r\n"
    ],
    [
      2.5e-05,
      "bash-3.2$ "
    ],
    [
      0.14381,
      "\r\n"
    ],
    [
      6.9e-05,
      "bash-3.2$ "
    ],
    [
      0.14446,
      "\r\n"
    ],
    [
      3.7e-05,
      "bash-3.2$ "
    ],
    [
      1.0,
      "r"
    ],
    [
      0.144148,
      "u"
    ],
    [
      0.183292,
      "b"
    ],
    [
      0.160194,
      "y"
    ],
    [
      0.143947,
      " "
    ],
    [
      0.223659,
      "e"
    ],
    [
      0.465012,
      "x"
    ],
    [
      0.135554,
      "a"
    ],
    [
      0.21534,
      "m"
    ],
    [
      0.112946,
      "p"
    ],
    [
      0.217044,
      "l"
    ],
    [
      0.614323,
      "e"
    ],
    [
      0.648622,
      "."
    ],
    [
      0.399935,
      "r"
    ],
    [
      0.271424,
      "b"
    ],
    [
      0.687326,
      "\r\n"
    ],
    [
      0.072413,
      "Step 0. Wire up the client with your keypair.\r\nStep 1. Make a lookup. (BTW, you can also send entire batches of lookups...)\r\nStep 2. Send the lookup.\r\n"
    ],
    [
      0.248917,
      "Step 3. Show the resulting candidate addresses:\r\n- 0: 1 N Rosedale St, Baltimore MD 21229-3737\r\n- 1: 1 S Rosedale St, Baltimore MD 21229-3739\r\n"
    ],
    [
      0.007523,
      "bash-3.2$ "
    ]
  ]
}