{
  "version": 1,
  "width": 100,
  "height": 45,
  "duration": 21.834346,
  "command": null,
  "title": null,
  "env": {
    "TERM": "xterm-256color",
    "SHELL": "/bin/bash"
  },
  "stdout": [
    [
      0.00095,
      "\u001b[?1034hbash-3.2$ "
    ],
    [
      1.0,
      "g"
    ],
    [
      0.14488,
      "e"
    ],
    [
      0.175927,
      "m"
    ],
    [
      0.128232,
      " "
    ],
    [
      0.135528,
      "i"
    ],
    [
      0.11217,
      "n"
    ],
    [
      0.375507,
      "s"
    ],
    [
      0.135337,
      "t"
    ],
    [
      0.121159,
      "a"
    ],
    [
      0.183897,
      "l"
    ],
    [
      0.14409,
      "l"
    ],
    [
      0.393336,
      " "
    ],
    [
      0.50259,
      "s"
    ],
    [
      0.128145,
      "m"
    ],
    [
      0.135902,
      "a"
    ],
    [
      0.159904,
      "r"
    ],
    [
      0.207946,
      "t"
    ],
    [
      0.199214,
      "y"
    ],
    [
      0.160182,
      "s"
    ],
    [
      0.184664,
      "t"
    ],
    [
      0.071914,
      "r"
    ],
    [
      0.24962,
      "e"
    ],
    [
      0.150388,
      "e"
    ],
    [
      0.103991,
      "t"
    ],
    [
      0.367511,
      "s"
    ],
    [
      0.608296,
      "_"
    ],
    [
      0.31945,
      "r"
    ],
    [
      0.2168,
      "u"
    ],
    [
      0.367931,
      "b"
    ],
    [
      0.303857,
      "y"
    ],
    [
      0.720391,
      "_"
    ],
    [
      0.575703,
      "s"
    ],
    [
      0.111963,
      "d"
    ],
    [
      0.799985,
      "k"
    ],
    [
      0.935086,
      "\r\n"
    ],
    [
      0.497465,
      "Fetching: smartystreets_ruby_sdk-4.0.0.gem"
    ],
    [
      4.7e-05,
      "\rFetching: smartystreets_ruby_sdk-4.0.0.gem (  8%)"
    ],
    [
      0.000132,
      "\rFetching: smartystreets_ruby_sdk-4.0.0.gem ( 19%)"
    ],
    [
      0.000123,
      "\rFetching: smartystreets_ruby_sdk-4.0.0.gem ( 29%)"
    ],
    [
      0.000941,
      "\rFetching: smartystreets_ruby_sdk-4.0.0.gem ( 40%)"
    ],
    [
      0.002169,
      "\rFetching: smartystreets_ruby_sdk-4.0.0.gem ( 51%)"
    ],
    [
      0.014076,
      "\rFetching: smartystreets_ruby_sdk-4.0.0.gem ( 61%)"
    ],
    [
      0.000382,
      "\rFetching: smartystreets_ruby_sdk-4.0.0.gem ( 72%)"
    ],
    [
      0.001468,
      "\rFetching: smartystreets_ruby_sdk-4.0.0.gem ( 83%)"
    ],
    [
      0.001077,
      "\rFetching: smartystreets_ruby_sdk-4.0.0.gem ( 93%)"
    ],
    [
      0.000778,
      "\rFetching: smartystreets_ruby_sdk-4.0.0.gem (100%)\rFetching: smartystreets_ruby_sdk-4.0.0.gem (100%)\r\n"
    ],
    [
      0.03245,
      "Successfully installed smartystreets_ruby_sdk-4.0.0\r\n"
    ],
    [
      0.092602,
      "Parsing documentation for smartystreets_ruby_sdk-4.0.0\r\n"
    ],
    [
      0.233087,
      "Installing ri documentation for smartystreets_ruby_sdk-4.0.0\r\n"
    ],
    [
      0.091585,
      "Done installing documentation for smartystreets_ruby_sdk after 0 seconds\r\n1 gem installed\r\n"
    ],
    [
      0.015211,
      "bash-3.2$ "
    ],
    [
      1.0,
      "\r\n"
    ],
    [
      7e-05,
      "bash-3.2$ "
    ],
    [
      0.15999,
      "\r\n"
    ],
    [
      0.000102,
      "bash-3.2$ "
    ],
    [
      1.0,
      "c"
    ],
    [
      0.08051,
      "a"
    ],
    [
      0.191263,
      "t"
    ],
    [
      0.200297,
      " "
    ],
    [
      0.159047,
      "e"
    ],
    [
      0.744749,
      "x"
    ],
    [
      0.287948,
      "a"
    ],
    [
      0.167355,
      "m"
    ],
    [
      0.247893,
      "ple.rb "
    ],
    [
      0.871485,
      "\r\n"
    ],
    [
      0.002848,
      "require 'smartystreets_ruby_sdk/client_builder'\r\nrequire 'smartystreets_ruby_sdk/static_credentials'\r\nrequire 'smartystreets_ruby_sdk/us_street'\r\n\r\n\r\nclass Example\r\n  def run\r\n    # This keypair will have been deleted by the time you are watching this video... \r\n    auth_id = 'f2ad739f-1f49-c201-b770-4625c7f84fe4'\r\n    auth_token = '4RK9lhEJ66Xt6ucDzbrU'\r\n    credentials = SmartyStreets::StaticCredentials.new(auth_id, auth_token)\r\n\r\n    puts 'Step 0. Wire up the client with your keypair.'\r\n    client = SmartyStreets::ClientBuilder.new(credentials).build_us_street_api_client\r\n\r\n    puts 'Step 1. Make a lookup. (BTW, you can also send entire batches of lookups...)'\r\n    lookup = SmartyStreets::USStreet::Lookup.new\r\n    lookup.street = '1 Rosedale'\r\n    lookup.lastline = 'Baltimore MD'\r\n    lookup.candidates = 10\r\n\r\n    puts 'Step 2. Send the lookup.'\r\n    client.send_lookup(lookup)\r\n\r\n    puts 'Step 3. Show the resulting candidate addresses:'\r\n    lookup.result.each_with_index do |candidate, c|\r\n      puts \"- #"
    ],
    [
      3.1e-05,
      "{c}: #{candidate.delivery_line_1}, #{candidate.last_line}\\n\"\r\n    end\r\n  end\r\nend\r\n\r\nExample.new.run"
    ],
    [
      0.000304,
      "bash-3.2$ "
    ],
    [
      1.0,
      "\r\n"
    ],
    [
      0.000115,
      "bash-3.2$ "
    ],
    [
      0.167817,
      "\r\n"
    ],
    [
      0.000102,
      "bash-3.2$ "
    ],
    [
      1.0,
      "r"
    ],
    [
      0.160298,
      "u"
    ],
    [
      0.215638,
      "b"
    ],
    [
      0.152017,
      "y"
    ],
    [
      0.136009,
      " "
    ],
    [
      0.231998,
      "e"
    ],
    [
      0.399875,
      "x"
    ],
    [
      0.279121,
      "ample.rb "
    ],
    [
      1.0,
      "\r\n"
    ],
    [
      0.075529,
      "Step 0. Wire up the client with your keypair.\r\nStep 1. Make a lookup. (BTW, you can also send entire batches of lookups...)\r\nStep 2. Send the lookup.\r\n"
    ],
    [
      0.247698,
      "Step 3. Show the resulting candidate addresses:\r\n- 0: 1 N Rosedale St, Baltimore MD 21229-3737\r\n- 1: 1 S Rosedale St, Baltimore MD 21229-3739\r\n"
    ],
    [
      0.00718,
      "bash-3.2$ "
    ]
  ]
}